,Peptide,Peptide_pred,0,1,2,3,4,5,6,7,8,9,10,11,12,13,14,15,16,17,18,19,20,21,22,23,24,25,26,27,28,29,30,31,32,33,34,35,36,37,38,39,40,41,42,43,44,45,46,47,48,49,50,51,52,53,54,55,56,57,58,59,60,61,62,63,64,65,66,67,68,69,70,71,72,73,74,75,76,77,78,79,80,81,82,83,84,85
2,0,0,-170.73163340032,-0.31547018072147903,18.858771224099716,12.287312398105412,15.16326634534255,0.38595121751527794,9.439807008555862,7.0382104563271275,64.09450317820641,6.346663265299316,7.377192455555055,-9.841515581727057,-32.92961483570905,-31.990067316101705,-0.9486511202399059,-17.538997235971145,6.085705954470415,-21.598127007762354,33.59897993670327,1.9083666296708541,-16.862326486034455,-32.488997597300376,6.917638654146711,-15.089558600970628,-0.5756909445327832,0.4125956757305558,21.864523237999645,-16.398201340612726,5.901697603488702,2.540121524584596,1.7793607528842992,17.56584289735951,2.8651562742349284,0.763588216028035,-5.399602186026711,-3.740901109478384,5.680515035470006,-0.9316205542552911,-9.832097912146397,24.359990325778465,4.8270089488028285,-9.723771769602884,7.510329268592428,0.3975976012199442,13.69786167588206,-11.970690339155125,-7.842131337250882,3.448927945223298,7.968321587087173,10.803005122856534,3.1833028736617206,2.798938321979052,9.08159292505339,10.544026412900083,-0.7256952540239908,-4.366278622558091,-20.64421897410246,-1.9612387549978172,-5.930337467768976,8.306485339453024,14.974027049860814,2.8605779554347386,-7.7278334322344895,14.304880928219394,3.1067013066428215,-15.47360340114641,-2.9256128861215216,3.2499861236970475,-15.185910966143823,-7.6058020936721435,-26.530916172960683,-21.485672790648156,6.587290094138908,22.052678633092842,21.228790562527852,4.191116464429346,24.67142180700605,1.7115517274642238,-7.776953647827577,-9.714853664673319,20.78697747272496,-40.55141817385971,7.569030516799833,-31.697419682371756,16.97927905145667,1.0181906236129048e-13
13,0,0,36.97351788114366,210.04497579657144,18.079441931869496,-40.448281892208634,-44.732476362085876,-67.33437477995176,69.40726863492262,-48.58627017197386,-33.813224766452485,-10.506574262049863,8.336712393362784,31.384610187119527,-5.1697731184834295,30.256246370942502,-40.17743344704266,-51.976828907882805,-8.092688564989164,-59.94038789289296,-17.533096049577352,41.93577434537343,-15.030230891796188,-22.50558343824942,-36.998836596905726,-38.405035657384516,17.117916334419757,-35.023259791158,4.663728844426652,-9.139891237738345,8.229578126850457,39.743101865181714,63.947799739291476,37.77866256561467,19.06460833386841,23.174485437852848,-13.037525180803781,-16.15165469231326,27.155998545271608,3.6771930867892144,-0.3514834884824386,-2.9931537171332994,-1.8813149169794579,11.47589568451719,-23.106304416531835,0.03147983739572048,-69.9883595046924,8.235612451631306,-5.37045430755838,3.0293706188587692,2.195998054654326,-21.18944650259584,-19.418212539151707,23.698747566794463,1.9539920582961656,-26.25179264938928,-19.142883594739065,-18.419306163307777,-7.685220667093413,-0.12076412401856826,40.55567849829006,18.775178324796222,-17.615340357452624,-33.707974892945344,-7.784783955729005,10.777482214669456,-22.944560731683847,-21.11859819810056,-1.460301181750632,2.1015080383328244,-12.212047888125843,-10.54817461144215,-2.6746925455225874,-14.61177246465131,-6.0493701376556865,-12.906097447618047,-3.6697522357912855,-8.85149710146101,9.711909713568595,-0.8206931984044155,-1.2097749445573527,-3.315588144458258,-12.099823292062593,3.216090233610023,-0.3741719420916642,-1.8864802368512779,-1.0198703754482263,1.0181906236128848e-13
53,1,1,-107.55024046755673,-97.90086251631695,-47.64191582708401,-17.11441067189518,-26.488465336661005,-7.667343309352886,-13.80434949055718,-0.08986724748041557,53.70826275367989,36.52700965808577,-44.58031595340959,-65.23153383695639,-43.742119677189635,-1.6148428077863395,-8.02527133380305,-59.32512636990587,9.950122930012663,-15.389335187775004,19.288155767786556,15.70844379987752,-1.0128333741213436,38.974758839005,-18.675562135896545,-0.5920037890134285,39.01381165579596,16.5746543762299,5.85659347298298,-15.37401649212687,-1.9063351330192768,-0.9521684267226349,-11.640557174440914,-4.476814929797785,19.99126115608456,-0.48520537907203404,0.36263282471061764,-6.1353311741169785,-5.479029046287742,-22.431460303915884,-3.003519685148482,-7.539994722018627,18.25137637846847,29.6589574984935,-4.811745045413904,-4.174741015550238,-6.212070922783359,4.368596563118146,33.657882575549195,-2.849152385138725,15.55086247281038,-1.7311786094565333,0.3503693525985669,23.90879731093665,-6.169160120271221,-2.386796566911083,14.00669304543231,-18.803869394879797,15.93309018931873,4.140138780329488,-2.926759219782929,-29.76288124276969,-8.091934995331048,27.10555552284256,24.00973351063349,7.4963796811525,-21.51876500818539,20.61693179397481,21.103501710450267,2.1335684264812262,22.8709178049125,1.4812786763552217,-4.91422524981589,-18.88576938567741,-25.44660982929849,-17.673751351874223,24.535394799564195,-28.03735855247776,-15.315677815798633,8.769938824481468,-19.833404567352094,-26.4288415970853,9.953048733592897,5.012538696214601,-15.245038707707074,-6.308453020358495,-6.448708597168743,1.0181906236128799e-13
41,1,1,15.627628210600326,-60.947674785171635,-111.09549856519624,-16.053060730387283,-41.70313607792803,-39.95695430546773,-5.032634627358354,26.34475642656194,6.902876725020141,-29.309207180953152,-31.475155451152137,7.377880238494258,53.15272193282489,174.66065394498798,-90.49782286295772,61.02226533950653,59.7521915724765,-27.550119882210534,79.91720843264451,-52.17413056895365,67.92618124652569,-5.845810583703103,-72.89223567887721,48.04205570917328,-28.906666969845254,23.50118933209832,6.373177866756678,-74.48222640895294,38.36732152006641,-8.221720921402277,1.368923294639575,9.254950228483372,-21.282276055768126,1.4331655323277757,-43.24624697084002,24.853953008094603,-3.4069009568626814,4.047984363423773,-2.13377518823697,-2.7437177095133514,8.944975326566013,-33.623984454947845,26.543745548450634,-16.823551101954056,0.8809094615812175,7.322574331089033,8.474550706740416,-0.5592560118329349,-16.482483982455236,12.373313369356461,1.29247853213654,28.095269378424398,-9.753450511226587,0.08696902856093122,-14.571833145582131,-3.4993872698267476,-2.4346222324729108,8.219271414562078,-1.768516196249277,2.9657336375281003,-1.898066570412105,10.064773907597695,-1.5689893583407362,4.51418175231353,1.3725367409297347,3.9232985072595965,-0.6170892211662038,4.405841775589795,-6.258424128750896,4.2025242371164975,2.852709960066522,0.25235129494000114,-4.774895114056176,0.21358930258409684,-5.436251459617344,-6.995593763575517,5.5588687788915445,-0.4160454948685908,2.222726894609349,3.24441105112853,0.22042448393591818,-0.7509537599183584,0.8123773085077075,-0.1319432298774226,1.3739918524238834,1.0181906236128813e-13
74,0,0,211.7230928005644,133.7191609334027,-23.79871717668527,253.63903233767843,244.36916223379237,-90.51009770410383,18.217988012354322,69.60503872867272,56.085919484458756,122.57477280171035,65.55363173652329,-104.19986291812656,54.11534121047997,11.060099502723808,32.13161041600801,39.26306046774362,96.77764449832235,7.747137644617393,-66.56371115577784,-33.545161464000515,26.96123606916456,10.377111361595839,-14.123060867666727,-16.55955346916652,-9.925182128163497,-13.732059999787118,76.0307148989,-7.618831232259486,-44.642422268184,34.023280693811664,11.258749633894107,19.987286502989548,30.20096158623399,-51.21261816707043,-12.223767381801007,-8.42727956064982,0.16357958710098136,5.039983381721537,18.640345356249732,13.336334806764146,7.94990178858989,0.12369765256093837,-17.504519960563705,7.512139527179494,-3.234208522898299,13.54804051862438,-6.8090739043442845,-4.330816857503619,-3.252567029758006,1.9778555439159002,3.702504883970152,-1.8298733378958734,-8.994735480892075,6.083275158749069,-9.9177688989661,2.851146933390661,0.5063916303333377,-6.481325402874506,2.65811473998153,-10.773100500816483,2.1050177125588583,2.442738754497412,4.684086086879421,1.2669505435941697,2.9132203981049165,-2.882957854252724,4.894972835432263,-2.691363500573023,-0.6918799285471953,-2.9461820400458136,1.7370237963718689,2.88816964908129,-0.4050592128691035,-1.015695650060735,2.6315354949370326,-0.0336202075361031,-1.5072399481312113,-2.2071227065909884,-0.3338022882423721,1.0049198831801804,0.11800212510044955,-0.14719960129607074,-1.1413569358357245,-0.5024774425647296,-0.2410688948485199,1.0181906236128795e-13
30,1,0,17.831392729230384,91.4884178662586,-99.78730983457146,18.2443383839625,-47.968335179119684,61.261172214920684,-79.77574338931753,22.535011239535244,-20.126600326941453,-12.504802962569352,31.70240895248801,-31.528387319371177,-11.421462275603963,-34.398799501219976,6.68942042530233,45.43056299450503,-41.9279578923779,-34.59271248813141,18.590263707987063,-21.201052084542532,-6.241811453622121,7.567268363086439,-28.73429271947742,37.72545369329206,25.74430284919013,-45.84563174019243,2.72347230661382,-5.335024785343044,21.073476096550095,-11.943906054735542,6.247828970496848,-14.782510070391732,-0.22276300670951762,-30.371361969569126,-16.133254383207262,-24.948420024936972,15.39346499824108,2.8838018532809646,6.153335807609418,-31.005411308101834,-15.756927769335414,35.68384370550768,16.200523790435884,5.969291157685303,13.52096243089432,23.764345686725576,-5.2536509989763855,8.020585362218362,-16.950888149402108,-26.577480627303785,-1.5718525347363457,-1.8029474348087131,-2.2106944488625757,-22.980661077522832,-9.280654432428406,-7.756306697735962,-5.1053208831568195,-29.61073460495025,16.277653606920342,-13.89328796361375,-2.0668499714203974,3.538751966663149,27.258265188938903,-29.25471154163502,2.3629133979454418,-15.403019646502567,19.723456573675872,5.076102790420615,8.410413695073364,36.59541184484208,-28.173746491674446,-10.231816845916946,36.2257811753434,29.175526806134837,-10.2792612368607,-14.419503392790109,-7.705130883931702,1.2287601920675206,-6.051367810050515,-4.118629615383846,-12.036141787999176,4.8781689589562625,5.585713170409338,-2.093110103819616,8.459264811862072,1.0181906236128825e-13
45,1,1,112.73654042051977,3.178342666762659,48.391038834973756,-181.58570182750265,79.32232192635804,7.278505935206752,-31.13576868713124,-37.81199982995645,-22.01580324113651,59.096096141620315,4.573422985571584,-52.45160283296563,-34.45642279760221,29.343924980701807,-12.178312708407779,-22.482280513927954,29.998979506066952,57.27084106835314,-33.102902108619574,9.78475263419461,-50.093883587769874,58.63867991760357,-36.52788478379573,9.681469113056785,43.30817676044502,9.229411978457316,29.67100648368779,28.498167991676617,12.060936999192444,10.486750791989769,-8.846774500721443,-5.777455097984513,-0.3545739015262637,68.91940442063768,-48.9456162503567,39.578675597427186,-55.16545034874715,0.6509933173597355,-46.42525134973795,-35.999782178878206,-17.899443689270576,-4.552937211246233,7.484688871935933,-22.210608997488027,1.8581294175092016,-16.824650086104853,-17.967045511431742,36.834572111125986,-3.2322326482867307,-26.329501833771133,13.23335035887389,5.923159915304196,8.033434649793506,17.775544482368264,-22.111017259420365,31.83215314511492,8.909088135826478,-28.061613819898962,15.249557443381768,-14.624615685735867,16.606777533504953,13.243837051112296,-0.06210465770566096,3.307279035987865,1.024918998862908,-18.340760188848062,1.7653714900436357,-0.591553590268194,-18.727128693933288,-2.6126834354382678,1.1215613529237043,-1.3681981723253933,4.7252292781422085,3.3086823214527135,5.808885787598432,10.773879402687982,4.041273034863607,-8.249977792566552,-1.8628396533521114,-1.5686679685185883,0.7821905389084243,2.364100404802804,-4.015465599665479,2.1580071567213763,0.4062565315915975,1.018190623612884e-13
43,1,1,0.9216420674889096,-103.41627228584667,0.3675801688205972,-49.516745425254136,-16.288039664674564,103.62179572541136,72.91964611001667,-20.191926611461746,-44.546614351067745,-10.957326881188907,62.56518702521215,-34.66241238534076,-18.89967417670869,-10.23491028115155,-8.846593256640572,17.106887352341243,17.833892966327664,72.90060576841411,-1.2082141033114917,-32.14706683999484,-47.304189138924215,-19.862765784783853,38.78526916540438,-19.490676383823367,-13.477611354463855,-5.726340611747928,8.340742068697113,-29.328954550697407,19.4699474348349,8.706814931267234,6.450456834468122,-6.945482770500447,28.861644236044686,0.2512996602374076,3.189346279622665,0.06824437152518566,22.22378992727701,3.057654347387351,6.895368167692333,16.589941607973216,-13.615268733339757,14.69090640766798,-13.23071272710829,-25.37741186076857,-4.301576933202122,0.011380043611549028,28.160584914546863,14.101108571621275,-50.80243735173046,4.047756348940182,39.05508446221478,1.568402078237829,5.94758536046502,-26.1741008870418,-2.773807148461977,20.49490293585076,3.365061202078996,22.403444342752945,-4.990372100213715,-14.476241475583361,-30.21718115826972,16.06913644188814,51.153501494899864,-1.5678007967335599,5.76893146664614,-20.600939967361175,-37.59182880232539,14.015440707568038,-4.403350650051598,-27.481412622534798,0.17142387872166132,3.94012205551293,-10.768377703098675,-3.9456360195015585,-14.510648546948055,-18.470220123813053,-1.430151195537694,7.690730566255749,1.9039449097855454,3.311735947978941,-3.8624653477984228,-9.244312825200755,9.252492367208621,1.2641536828346913,3.0325280022568513,1.0181906236128846e-13
57,1,1,33.34856570118297,93.0921165254081,-95.57957142864403,9.904507410828716,-27.940701227816767,66.39955963045121,-123.95899360606283,15.070916316659474,-16.335778149684707,-5.882176248418109,35.30267891164277,-33.38898708813714,-28.39787174049863,-38.46066040053285,18.427021399332116,30.764432510177166,-47.257643590244356,-0.18975365854095094,10.698547213544085,-28.13785780755323,25.191735896782856,6.957918646334619,-35.26086835373107,-2.212412189069166,0.5073924706274895,16.291784644466897,-1.6050426345446438,15.396310046843872,32.600290890082874,-8.909408505543924,4.660917186106999,62.071107900301236,20.872239542234887,17.710888421655326,-19.80264842306885,-29.883051829582755,-8.572581751486595,-6.846133471455176,2.683394794574998,-49.61261318506593,-29.659084205539592,-14.591402291076127,-31.44233275633235,50.39920389367691,1.8041657713966808,-12.484896493456507,-28.140433498860858,-16.73689226901358,8.186573664320267,24.075922594931598,-5.268432862340085,16.48570766592502,51.05507127771531,11.125351384829292,-27.134803419411742,9.036259148978521,-35.529066997590235,12.823224206327922,-33.07947770199718,13.674209116539517,-21.817106020551538,-2.3923048033708483,24.627362354119114,29.364771315335982,10.60514497052052,3.815638589974817,-0.6461947528896542,-20.780446423211124,16.20238836703742,-6.254576730186686,18.138947534154358,7.420907156389166,-9.308507093049204,-4.589838042584861,0.8393317618533278,2.3155194313735814,1.1961619676087143,7.5126185490788036,-1.6592529228909294,-1.043598838664947,3.580769834008246,-0.18345284433394934,-1.69839261860969,1.266792521620773,0.1828588251718445,1.0181906236128806e-13
85,0,0,-165.9406275162129,6.2098886176433545,31.324255269950157,11.409565786712157,15.495976232259494,-9.363321381917793,62.48277165459014,-13.166718900515438,-34.816391140087035,-11.281693476203968,12.918619490953937,1.4174799660381139,-21.579180957006088,-27.502982630448926,-12.455483509190422,29.388919143297375,26.115500210406672,4.41976523996657,-20.371049278466618,27.856033633860616,37.26453965942741,4.42097461417632,9.133070378996342,40.13573865183201,11.115850840528502,-9.793955991942385,-21.96052384472868,9.194160120149046,1.1980146910407286,2.1468825713415565,-0.6628473765558571,1.6020823629609207,0.7880125037823132,12.748425665326264,-9.882947687450747,-25.320079889768934,13.378686005758206,9.470236756501151,33.169262087705754,-7.6350593125563,26.717670843039752,-30.353904053512046,-1.7864462977085631,-13.588849718197926,10.518270032262215,15.823760333666003,-15.721536967736732,4.969544678575279,6.314985006963276,-39.629922282178924,8.59016291776599,-10.44897088454087,-1.0527744250604423,-5.2219030988352415,-1.1737018069883074,24.106073707213007,-16.481398169568507,1.4527275004097986,-10.590967039042553,-2.403417224570867,21.951531568517424,-2.9421815211209204,-6.544365594441692,4.093545588700932,-12.65006542611315,14.492246677224266,-8.048346998563623,-3.8308252247798333,14.801127349349981,-6.9653548641673,2.580513114900918,-13.213550544096766,-12.225438427885688,-11.427469079807574,4.7564375752017325,-11.404657786355152,-0.4718428955081694,-16.57457785621261,4.181586244046431,-9.19477839264885,9.254708807475515,10.100018609750759,4.646695436182152,22.039355891418825,45.83779276418601,1.0181906236128856e-13
7,0,0,8.66085006488251,247.42576045169355,-21.587325690549125,75.97833364683777,-43.97495171624704,139.4801199913014,-79.43339706159561,-67.01436993320083,-23.8866989223689,4.287643320705857,-35.24496108857968,49.69468430955114,11.096980687974208,92.35932477624985,32.274760653926215,-61.83116558845032,107.75110393354848,14.62514348838635,-13.578214047202838,121.39740600402689,-6.56855882662587,-51.777434051791026,13.045602677189757,-20.207626651349884,-16.360461287853237,56.58785041381127,37.31107502355932,22.500707450863747,73.35287127977388,-11.562419522444733,-25.092431726182593,-19.363175749359446,1.39835674076665,-26.974158292843867,29.76064714730057,-44.94035283402495,4.5724482718187724,18.861682422928975,2.7912794194674397,-22.975866849877054,-0.8569449802293179,20.790820180387048,4.271533786320779,-7.713803234783089,35.569569628925485,13.930404144189804,3.827519306577371,9.993522975756074,5.547514402762234,13.281007420679018,13.818836438757888,1.1375252708207353,-5.148252514583133,1.8357382790858554,-15.37656543499854,6.007580771295978,-4.089302528173019,4.696627780903044,5.688037645579403,-7.173051461146274,-2.5170549090543686,2.037072400085652,-7.98057677142438,-6.2366232235394765,2.2965385095755493,1.764608723099086,2.9059341500882936,-4.838313286738767,-1.5679656903632824,1.328932368204816,3.784712520641734,-2.5004913091754526,-1.5102298212757073,0.245538695037749,0.46331132799236696,1.3984813261628255,-0.3103684190196647,0.8689499258314529,1.501454957340927,1.0678792552215823,-0.9554489794675899,-1.1257410943327577,-0.5819497575634082,0.2500398635110545,-0.5268554093214833,1.0181906236128774e-13
26,1,1,130.97037118626668,-24.07585639915931,-88.49530513264592,-87.64165018340292,-44.2271931869582,47.32395501600312,169.46008265027507,55.83755848100021,42.58528985703593,21.05535411059094,-25.497593950791234,159.3109320918589,-22.766804929193768,-61.04295387636061,-10.147012486867785,26.397225612445247,90.3995139607135,-65.4775044045892,-89.6948563950439,-80.66176633625528,-27.923885576885354,-41.74598131815839,-79.34593159699867,6.733158553759895,-33.79718334995089,9.519063769394156,-8.430470207789181,26.397114815146477,-0.061868586947810465,-9.137317105496164,-41.451698068229774,-21.343499083056862,-1.885507509970403,12.372584291841235,0.21873406210151414,-19.443658292055574,-5.83096174340792,-8.422844549440052,-26.321163159084627,-13.10508592211453,5.914013918290236,12.3520035821281,10.631004660645958,6.629407379484619,-1.5545387285390402,-23.534197772797654,-11.712481333495454,-11.1234246048582,21.170138939911602,15.481963435877084,-12.90802494859561,-29.02844805166668,1.1061437357208748,-20.26665302508543,-3.947475375266106,2.6772264796682292,-12.6882737127337,-2.103380783296976,8.603400534407157,-17.09578036815147,-2.0526163757349978,8.284247480502932,13.725314711114285,2.819903263415385,0.48783010551210043,2.9011777983273,0.6970038642859244,6.722918919039207,7.662626276002092,-1.3765110792909458,-4.493640792870422,1.590359110836937,-2.124810599893259,-4.69780451116341,1.9073831656945064,0.6765544354618885,-0.8774580843996841,2.5428988833336676,-1.4603069243365123,-0.21293889947785496,1.0026411713299377,-1.131528414304458,-0.05919821168433373,-0.23956196628661858,-0.9406114226446627,1.0181906236128873e-13
33,1,1,134.08683139191726,-71.65384475018341,-103.47252971178486,60.11255082454138,112.09471783531467,97.74192975650973,120.27708510975751,133.15674647893348,16.10034220205314,-134.31287119088734,-14.273805923168855,88.05874919646682,29.239604601380904,-0.43112655685167733,-40.05150721731598,-25.12464008338916,-4.452911091959565,16.945486870843027,40.311856047270524,31.77317768803716,65.96514316941342,72.27203953196542,20.489540903013086,-13.84490956944222,74.01862986071018,-20.426039147067108,51.20315904590703,3.1786615947556607,13.41830987758171,-52.049371145769285,30.64856983541092,7.411967527348791,42.93972512316986,-2.419354196951088,-0.5017367252450304,-6.770884541188189,-23.923323440302884,43.92945377380832,-42.181118710698655,22.7806582447309,6.420004636224518,17.019790868313496,-13.708639415779126,30.306249615584314,9.207791796601196,-8.054393949656482,14.711317610917904,1.5186102671959882,12.518389779669354,-19.231190037457576,8.934261669531242,-12.353472738105635,8.966679226110045,3.462696747195511,6.453680757776114,14.174537155002119,3.341837230655782,2.663572888234823,-2.4900733860060797,16.931715682088416,-0.6265514414932517,-14.324541313834615,8.364469517518515,-11.187316119509447,-1.7772279659132344,6.17957858793928,0.2642878631899558,5.591378089358716,-6.479616740755016,-0.08447990986612587,2.1727083047915823,1.2118573854130854,1.0714980635574651,-0.3846714322615283,2.075246308732666,3.844138972876341,-1.6678308317037316,-0.7561383039843429,-2.9559847866974795,1.3686521524458195,0.8401735141290201,-0.8956204200028827,-0.2190394858336991,-0.3474368258447944,-0.5876791916006842,1.018190623612886e-13
62,0,0,21.302432244190722,21.569878564917374,108.40162850554582,-145.87515479038515,133.41885508183734,-30.276234465259154,-69.7100214690103,-44.33056255724078,0.11783686101224247,58.93471524485841,-84.04511479630698,8.212274067400859,59.28667766328051,-2.410715273859954,-54.96791193408615,45.35810038542234,-33.846218051061754,-55.959670942863504,-50.196611351185,-27.13967011870451,-5.0337491232464915,-30.69908097479637,119.86382452556279,81.83854324975036,21.810020343115706,-15.99076802761168,27.955726425955756,0.2732323592061247,27.439210526612946,-68.21647418133665,-16.629519272350926,-13.762919678346616,20.74391280686163,-16.785786301464,0.10404002418688038,-17.703860978863148,21.67202761992833,-21.26900340853435,-37.33035543522961,4.716953549659106,28.517053218659736,-17.11023252732509,-41.22371615154787,10.463034235837311,-24.644762258934524,-0.3368742052555218,-0.09101018927106515,15.701083143794785,11.13759401092346,27.17280317271879,11.276034784188758,25.397044287194145,0.7115759747460759,-10.773416281169192,-11.735451422118215,12.964760247524085,1.200567890987272,6.244469728391567,3.1740881817683952,-4.055890761008067,-1.6015427016170407,4.883948888262357,-5.513616703015018,7.581275420064395,-9.391732024961176,-1.3456406308107012,-1.4232259395592746,5.676492541694833,2.111085096271289,7.1987379883163225,-4.7589905795622665,-7.700107952477613,-0.004775041273420134,-3.145870605694414,-7.238059771506174,6.89077897261071,-3.2500949945824926,-1.1490416453431382,-0.5963264797813463,2.301583519273329,-1.592334592419518,1.1613771818966985,-0.9230231007777945,-2.6977256470004813,-1.3618907429930673,1.0181906236128822e-13
8,0,0,1.4948834582821884,110.48619959142233,-17.6701992450341,180.43522890432996,110.14510126086962,3.500162608536965,46.48694662816231,-8.596587153366626,-66.00087794819939,-4.1209809863857565,-12.653026577187134,-23.986855410683777,14.66111350109225,-3.2533090009757166,-9.307523625557668,10.857327003937296,-5.519685768367,20.967610093998342,29.452010481085747,-21.09969413440168,-72.68765437887853,46.139077078050626,-18.471972083228835,27.683953409425765,7.470161410822458,-13.906102999778081,-46.94048158987321,-52.819431661947824,21.398501506984115,-34.00504058963222,-37.799308745665,-36.83279819707339,-17.458158393636964,-20.803249506575938,64.10632968464583,-0.9996152910774005,-20.994843942646717,3.6956366371358507,-23.8452297813288,-5.090631452250824,-11.912247835800454,-28.695191071714355,-22.695666289091566,-22.511111159109014,-3.5978948994778466,-22.563901377790053,-20.63252144027097,-18.497867856554176,26.34549560766283,-31.19721816650149,-12.894288107563616,3.2211427990792694,31.299560359394974,-1.922814302378177,-6.009429197563294,-41.170031279822005,-4.040218713460748,34.884037433987544,6.381819489851795,-24.720581181032966,-7.388220310664788,-3.926315730098223,-18.83600458116728,-15.093949071138583,11.426167750159722,-30.279740759728547,-7.784779763495151,-10.257602006096832,-5.108778178174452,-12.836443584939188,9.094608709263799,-6.319878880738393,0.5293304949166304,5.2649368115628175,9.596234199639037,-4.339427420856816,3.558815817212936,1.711979508096754,5.079472701402995,-7.9791892651754175,1.4893586913822658,5.665094126193284,-2.5720416359213876,1.2611100234398938,-1.1232530446037194,1.018190623612886e-13
16,0,0,-151.2018098710212,-15.14562529537933,-9.552523051901895,10.57038411136618,3.98180415686842,-5.581989956590304,16.70478436647921,-32.6684101231826,17.286898567171175,10.77772987778556,-24.87506656108355,-13.665823388766075,-2.3329210812836387,30.990617790720368,0.07801097867944863,-5.498607512514514,-40.520769469227055,-21.931922332242586,22.330155657485342,-19.095757534535146,-7.889185512864306,34.901796461662165,-25.355368935260362,-16.878015467612205,-22.414717250197914,17.416402106507448,20.41571757977468,26.61187101088446,-40.5210194060482,3.2252391242913183,-10.126335728770673,-22.895870853637806,-8.623289661631013,-29.446497194886142,-14.035066608043566,-26.85123532189833,-23.75196150934986,7.207539540425621,-0.8522800329276493,4.3378910418600345,-32.40681845860741,9.392606059622597,-16.607017295038183,-9.106390883441478,14.082980875123651,-5.7058246440811695,26.362122304019245,9.275258903475397,-8.688361940633659,25.710923772930634,20.675072042725255,-2.343888504425591,16.177664916679177,-6.544310051842176,-9.913752506794182,-4.420156497229803,-16.028890094133196,-14.860931813299114,-10.990577206841904,22.94706166927173,-3.8383510958586466,-2.0494158373712983,-23.650161412338242,-27.817541381663062,-3.3704444346238653,-21.81348158122815,5.018081953919593,31.398328024891114,34.81944376487676,-20.935325545801465,-19.43063584724917,-12.370225037800902,5.731773644692602,-23.203421176365136,-33.79725488472788,18.498527234706984,23.875673361388476,-4.557183471764537,-5.857156286499692,-10.952283917372586,15.549661228300632,9.46278236630567,-9.32521144972894,8.349361194122688,-1.2380624775558546,1.0181906236128863e-13
24,1,1,-83.59226676216639,-118.95422815004336,-30.899475051827864,14.220803472278055,-22.101642486846586,-9.907085911069245,-55.898661052339015,34.529445889951276,101.50504321440262,-9.584620227364146,37.07420397867201,1.760388495065951,23.403839293705254,-10.583789392119641,-56.4343949662014,-25.399157262604266,28.303397289128483,-17.833476376406928,-39.38185474339861,35.93534824934103,-16.666226013482024,-4.007105272296135,14.853671443895662,-2.602843153780011,-7.7478806708094785,-30.015524321340585,-25.565141805897515,17.114169138550945,6.314794864414756,26.465162664104252,-5.168119979194497,0.34204740966382885,-12.228067151727814,-9.121563024605734,-5.73283778389381,-0.97072976910522,7.862313862999371,1.2121371319911063,-0.8439768608561904,20.513952056245014,-25.586360731410583,-18.464261815514714,24.045271772360326,11.798088209912159,-2.5530658454722213,-4.321535355206022,-11.995491011030461,-4.739215597812045,0.9728509323556496,-28.0436015614121,-3.8212715621230062,-0.3007674811192635,2.537462650510221,8.927485848260131,-8.58506001898986,23.064997090170266,-7.658342690719076,19.731989292841583,-20.133517132169565,14.230924539962851,-10.194479777677092,12.286668038276902,14.12330081593244,-19.73453278850033,5.694805207870273,-0.8766608635005596,-5.306907078394253,-6.925627280326444,-14.525010995857471,9.814475152501203,-13.928884005435128,-20.232473300315885,-31.065446744571688,12.677800365648237,-19.69229072023117,9.196078940454628,-6.683363598885964,-5.0793236619685,37.215290580012194,-14.877143849800284,1.3577157031445004,25.17303188669136,-11.77235635289256,-22.358113864362238,-5.759000338764,1.0181906236128904e-13
56,1,1,28.632923042156094,83.24201343358699,-87.89826563579246,-13.455064682619454,-65.8897045137586,90.5372445177303,-51.23795546776768,17.43753371618631,-28.189512473673474,-9.144861034832527,54.673981887784755,-57.57655602656161,-29.423411576905494,-37.67012495897021,-26.08112939981095,53.71583364674368,-54.268513336349386,-1.0835007760748228,-14.739556785245842,-47.44818258966796,2.367476378396315,7.119133995172176,-15.366206052919313,-0.8526228527668569,0.18236073789856402,-8.97847841640708,2.488722019977853,24.30071620394118,22.539770237566326,-27.997511145220425,7.900130167091627,-10.8038588109795,-11.101934484918111,-9.547993970498641,-0.053458889842366034,-8.680099584663962,-0.12934559022640696,27.335765411514632,11.700669756932141,3.5953046143961953,22.282543896179924,5.674759052604491,37.94800527526667,14.283036711852787,2.1328960984739442,34.209358132386164,42.436063788782356,1.7540696007613104,15.27756141660524,21.508137064319847,-33.86149656179012,-32.94170119006496,-42.9027435563586,23.331329021229784,-13.033455204080214,19.445836820170374,31.49043617082645,23.496541678151104,16.21649492115817,-9.833214215344007,-7.247991833868911,2.8770588804155897,-25.709984180980825,11.531762562938397,-37.13842149413287,-27.000973409820638,7.062990225167486,-23.553695995571886,-23.50089260110625,-28.7042064705125,3.6544534840571803,-0.5060899889260162,-6.9451825312523345,-2.7251707048572387,-6.92294846730271,6.8427885037212315,-0.8157440755255304,-1.874977302230364,0.18386082666054135,-7.425515394918954,11.339152784879435,-1.254165512831065,-2.832897729266703,1.1687225677077506,-1.417088927498601,1.0181906236128839e-13
